quiz_score,time_spent_minutes,challenges_completed,level
15,5,0,Beginner
22,8,0,Beginner
10,4,0,Beginner
30,10,1,Beginner
18,6,0,Beginner
25,9,1,Beginner
12,5,0,Beginner
28,7,1,Beginner
20,6,0,Beginner
35,12,1,Beginner
8,3,0,Beginner
32,11,1,Beginner
24,8,0,Beginner
19,7,0,Beginner
27,10,1,Beginner
14,5,0,Beginner
33,11,1,Beginner
21,7,0,Beginner
16,6,0,Beginner
29,9,1,Beginner
38,13,1,Beginner
34,12,1,Beginner
11,4,0,Beginner
26,8,1,Beginner
23,7,0,Beginner
36,13,1,Beginner
17,6,0,Beginner
31,10,1,Beginner
13,5,0,Beginner
37,12,1,Beginner
42,15,2,Intermediate
55,20,3,Intermediate
48,18,2,Intermediate
60,22,4,Intermediate
45,16,2,Intermediate
58,21,3,Intermediate
50,18,3,Intermediate
63,23,4,Intermediate
47,17,2,Intermediate
56,20,3,Intermediate
44,15,2,Intermediate
61,22,4,Intermediate
53,19,3,Intermediate
49,17,2,Intermediate
57,21,3,Intermediate
46,16,2,Intermediate
64,24,4,Intermediate
52,18,3,Intermediate
43,15,2,Intermediate
59,22,3,Intermediate
66,25,5,Intermediate
54,19,3,Intermediate
41,14,2,Intermediate
62,23,4,Intermediate
51,18,2,Intermediate
65,24,4,Intermediate
40,14,2,Intermediate
67,25,5,Intermediate
39,13,1,Intermediate
68,26,5,Intermediate
70,28,6,Advanced
78,32,7,Advanced
75,30,6,Advanced
85,35,8,Advanced
72,29,6,Advanced
82,33,7,Advanced
77,31,7,Advanced
88,37,9,Advanced
74,30,6,Advanced
80,33,7,Advanced
71,28,6,Advanced
86,36,8,Advanced
79,32,7,Advanced
76,31,6,Advanced
83,34,7,Advanced
73,29,6,Advanced
89,38,9,Advanced
81,33,7,Advanced
69,27,5,Advanced
84,35,8,Advanced
92,40,10,Advanced
87,36,8,Advanced
91,39,10,Advanced
95,42,11,Advanced
90,38,9,Advanced
93,41,10,Advanced
96,43,11,Advanced
94,41,10,Advanced
97,44,12,Advanced
98,45,12,Advanced
99,46,13,Advanced
100,48,14,Advanced
16,7,0,Beginner
24,9,0,Beginner
19,6,0,Beginner
28,10,1,Beginner
33,12,1,Beginner
22,8,0,Beginner
14,5,0,Beginner
30,11,1,Beginner
26,9,1,Beginner
37,13,1,Beginner
44,16,2,Intermediate
57,20,3,Intermediate
50,18,2,Intermediate
62,23,4,Intermediate
46,17,2,Intermediate
59,21,3,Intermediate
53,19,3,Intermediate
65,24,4,Intermediate
48,17,2,Intermediate
55,20,3,Intermediate
43,15,2,Intermediate
63,23,4,Intermediate
52,18,3,Intermediate
47,17,2,Intermediate
58,21,3,Intermediate
45,16,2,Intermediate
66,25,4,Intermediate
51,18,3,Intermediate
41,14,2,Intermediate
60,22,3,Intermediate
71,29,6,Advanced
79,32,7,Advanced
76,31,6,Advanced
86,36,8,Advanced
73,30,6,Advanced
83,34,7,Advanced
78,32,7,Advanced
89,38,9,Advanced
75,30,6,Advanced
81,33,7,Advanced
72,29,6,Advanced
87,36,8,Advanced
80,33,7,Advanced
77,31,6,Advanced
84,35,8,Advanced
74,30,6,Advanced
90,39,9,Advanced
82,34,7,Advanced
70,28,5,Advanced
85,35,8,Advanced
93,41,10,Advanced
88,37,8,Advanced
92,40,10,Advanced
96,43,11,Advanced
91,39,9,Advanced
94,41,10,Advanced
97,44,12,Advanced
95,42,11,Advanced
98,45,12,Advanced
99,46,13,Advanced
20,7,0,Beginner
27,10,1,Beginner
15,5,0,Beginner
34,12,1,Beginner
23,8,0,Beginner
31,11,1,Beginner
18,6,0,Beginner
29,10,1,Beginner
25,9,0,Beginner
36,13,1,Beginner
42,15,2,Intermediate
56,20,3,Intermediate
49,17,2,Intermediate
61,22,4,Intermediate
45,16,2,Intermediate
58,21,3,Intermediate
52,18,3,Intermediate
64,23,4,Intermediate
47,17,2,Intermediate
54,19,3,Intermediate
72,28,6,Advanced
80,32,7,Advanced
76,30,6,Advanced
85,35,8,Advanced
73,29,6,Advanced
82,33,7,Advanced
77,31,7,Advanced
88,37,9,Advanced
74,29,6,Advanced
81,32,7,Advanced
69,27,5,Advanced
86,35,8,Advanced
78,31,7,Advanced
75,30,6,Advanced
83,34,7,Advanced
71,28,5,Advanced
89,38,9,Advanced
79,32,7,Advanced
68,26,5,Advanced
84,34,8,Advanced